{"label_metrics": {"amota": {"bicycle": 0.014678418752011164, "bus": 0.574428482361275, "car": 0.7114668897317291, "motorcycle": 0.1542680838813173, "pedestrian": 0.5503749043031619, "trailer": 0.22406129160857274, "truck": 0.36728326785808035}, "amotp": {"bicycle": 1.3058435298311621, "bus": 0.8941931606527109, "car": 0.6042809835328908, "motorcycle": 1.0301557399244918, "pedestrian": 0.9067135014603421, "trailer": 1.3826159626880203, "truck": 1.1588896195913683}, "recall": {"bicycle": 0.12945308580030104, "bus": 0.6590909090909091, "car": 0.7512389183257027, "motorcycle": 0.31057157309054123, "pedestrian": 0.6362349054006214, "trailer": 0.37030927835051547, "truck": 0.4038341968911917}, "motar": {"bicycle": 0.22093023255813948, "bus": 0.7038102084831057, "car": 0.7880396238932992, "motorcycle": 0.4582651391162029, "pedestrian": 0.8125155356698981, "trailer": 0.5688689809630456, "truck": 0.7151655119322555}, "gt": {"bicycle": 1993.0, "bus": 2112.0, "car": 58317.0, "motorcycle": 1977.0, "pedestrian": 25423.0, "trailer": 2425.0, "truck": 9650.0}, "mota": {"bicycle": 0.028600100351229285, "bus": 0.46354166666666663, "car": 0.5906682442512474, "motorcycle": 0.14162873039959534, "pedestrian": 0.5142980765448609, "trailer": 0.2094845360824742, "truck": 0.2888082901554404}, "motp": {"bicycle": 0.1399476760850694, "bus": 0.4913661777092248, "car": 0.2558878420738576, "motorcycle": 0.22068264561144724, "pedestrian": 0.22459924628385863, "trailer": 0.7537938783710393, "truck": 0.4136312089934553}, "mt": {"bicycle": 10.0, "bus": 56.0, "car": 2163.0, "motorcycle": 29.0, "pedestrian": 660.0, "trailer": 32.0, "truck": 171.0}, "ml": {"bicycle": 131.0, "bus": 36.0, "car": 949.0, "motorcycle": 85.0, "pedestrian": 568.0, "trailer": 88.0, "truck": 341.0}, "faf": {"bicycle": 13.562753036437247, "bus": 24.037339556592766, "car": 159.87920621225194, "motorcycle": 21.9350563286945, "pedestrian": 67.7064631956912, "trailer": 33.86103781882146, "truck": 28.921313183949977}, "tp": {"bicycle": 258.0, "bus": 1391.0, "car": 43711.0, "motorcycle": 611.0, "pedestrian": 16092.0, "trailer": 893.0, "truck": 3897.0}, "fp": {"bicycle": 201.0, "bus": 412.0, "car": 9265.0, "motorcycle": 331.0, "pedestrian": 3017.0, "trailer": 385.0, "truck": 1110.0}, "fn": {"bicycle": 1735.0, "bus": 720.0, "car": 14507.0, "motorcycle": 1363.0, "pedestrian": 9248.0, "trailer": 1527.0, "truck": 5753.0}, "ids": {"bicycle": 0.0, "bus": 1.0, "car": 99.0, "motorcycle": 3.0, "pedestrian": 83.0, "trailer": 5.0, "truck": 0.0}, "frag": {"bicycle": 1.0, "bus": 25.0, "car": 208.0, "motorcycle": 1.0, "pedestrian": 88.0, "trailer": 33.0, "truck": 32.0}, "tid": {"bicycle": 2.1, "bus": 0.7986111111111112, "car": 0.9162782359268555, "motorcycle": 2.33, "pedestrian": 1.8268416596104995, "trailer": 1.0319148936170213, "truck": 0.8155339805825242}, "lgd": {"bicycle": 2.22, "bus": 1.1597222222222223, "car": 1.0068124775905343, "motorcycle": 2.42, "pedestrian": 1.897121083827265, "trailer": 1.5106382978723405, "truck": 1.075242718446602}}, "eval_time": 1888.50807595253, "cfg": {"tracking_names": ["bicycle", "bus", "car", "motorcycle", "pedestrian", "trailer", "truck"], "pretty_tracking_names": {"bicycle": "Bicycle", "bus": "Bus", "car": "Car", "motorcycle": "Motorcycle", "pedestrian": "Pedestrian", "trailer": "Trailer", "truck": "Truck"}, "tracking_colors": {"bicycle": "C9", "bus": "C2", "car": "C0", "motorcycle": "C6", "pedestrian": "C5", "trailer": "C3", "truck": "C1"}, "class_range": {"car": 50, "truck": 50, "bus": 50, "trailer": 50, "pedestrian": 40, "motorcycle": 40, "bicycle": 40}, "dist_fcn": "center_distance", "dist_th_tp": 2.0, "min_recall": 0.1, "max_boxes_per_sample": 500, "metric_worst": {"amota": 0.0, "amotp": 2.0, "recall": 0.0, "motar": 0.0, "mota": 0.0, "motp": 2.0, "mt": 0.0, "ml": -1.0, "faf": 500, "gt": -1, "tp": 0.0, "fp": -1.0, "fn": -1.0, "ids": -1.0, "frag": -1.0, "tid": 20, "lgd": 20}, "num_thresholds": 40}, "amota": 0.3709373340708782, "amotp": 1.0403846425258554, "recall": 0.46581898099282604, "motar": 0.6096564618022781, "gt": 14556.714285714286, "mota": 0.3195756634930734, "motp": 0.3571298107325646, "mt": 3121.0, "ml": 2198.0, "faf": 49.98616704749129, "tp": 66853.0, "fp": 14721.0, "fn": 34853.0, "ids": 191.0, "frag": 388.0, "tid": 1.4027399829782874, "lgd": 1.612790971422709}