{"label_metrics": {"amota": {"bicycle": 0.02524455551645276, "bus": 0.5733972202494779, "car": 0.709207742165605, "motorcycle": 0.15928829181207282, "pedestrian": 0.5438142516439681, "trailer": 0.23545916906305683, "truck": 0.35699761503996463}, "amotp": {"bicycle": 1.304265942787938, "bus": 0.9315761291391924, "car": 0.6037617580691348, "motorcycle": 1.0301298964299692, "pedestrian": 0.9072032044086373, "trailer": 1.3808814139208967, "truck": 1.1593875391638782}, "recall": {"bicycle": 0.15102860010035124, "bus": 0.6619318181818182, "car": 0.7506730455956239, "motorcycle": 0.3257460799190693, "pedestrian": 0.6161349958698816, "trailer": 0.31587628865979384, "truck": 0.4059067357512953}, "motar": {"bicycle": 0.2624584717607974, "bus": 0.6683381088825215, "car": 0.785259493380972, "motorcycle": 0.4546875, "pedestrian": 0.8165573981231521, "trailer": 0.6434210526315789, "truck": 0.6578140960163432}, "gt": {"bicycle": 1993.0, "bus": 2112.0, "car": 58317.0, "motorcycle": 1977.0, "pedestrian": 25423.0, "trailer": 2425.0, "truck": 9650.0}, "mota": {"bicycle": 0.03963873557451081, "bus": 0.44176136363636365, "car": 0.5879246188932901, "motorcycle": 0.14719271623672225, "pedestrian": 0.4997049915430909, "trailer": 0.20164948453608245, "truck": 0.26694300518134717}, "motp": {"bicycle": 0.13420508139330584, "bus": 0.4909528480710152, "car": 0.2516805540525905, "motorcycle": 0.2213046655508624, "pedestrian": 0.22476644357891487, "trailer": 0.7671141760365611, "truck": 0.4171422413117657}, "mt": {"bicycle": 13.0, "bus": 57.0, "car": 2163.0, "motorcycle": 30.0, "pedestrian": 626.0, "trailer": 27.0, "truck": 166.0}, "ml": {"bicycle": 126.0, "bus": 37.0, "car": 958.0, "motorcycle": 83.0, "pedestrian": 593.0, "trailer": 94.0, "truck": 336.0}, "faf": {"bicycle": 14.809873248832556, "bus": 26.172979084228377, "car": 161.76673567977915, "motorcycle": 22.87024901703801, "pedestrian": 64.48260280162675, "trailer": 24.56935630099728, "truck": 34.5360824742268}, "tp": {"bicycle": 301.0, "bus": 1396.0, "car": 43662.0, "motorcycle": 640.0, "pedestrian": 15558.0, "trailer": 760.0, "truck": 3916.0}, "fp": {"bicycle": 222.0, "bus": 463.0, "car": 9376.0, "motorcycle": 349.0, "pedestrian": 2854.0, "trailer": 271.0, "truck": 1340.0}, "fn": {"bicycle": 1692.0, "bus": 714.0, "car": 14540.0, "motorcycle": 1333.0, "pedestrian": 9759.0, "trailer": 1659.0, "truck": 5733.0}, "ids": {"bicycle": 0.0, "bus": 2.0, "car": 115.0, "motorcycle": 4.0, "pedestrian": 106.0, "trailer": 6.0, "truck": 1.0}, "frag": {"bicycle": 0.0, "bus": 26.0, "car": 229.0, "motorcycle": 0.0, "pedestrian": 99.0, "trailer": 31.0, "truck": 36.0}, "tid": {"bicycle": 2.15, "bus": 0.7569444444444444, "car": 0.8695887445887446, "motorcycle": 2.0980392156862746, "pedestrian": 1.8910422049956934, "trailer": 1.2195121951219512, "truck": 1.0328638497652582}, "lgd": {"bicycle": 2.25, "bus": 1.1527777777777777, "car": 0.9608585858585859, "motorcycle": 2.196078431372549, "pedestrian": 2.0025839793281652, "trailer": 1.7073170731707317, "truck": 1.3145539906103287}}, "eval_time": 1934.943916797638, "cfg": {"tracking_names": ["bicycle", "bus", "car", "motorcycle", "pedestrian", "trailer", "truck"], "pretty_tracking_names": {"bicycle": "Bicycle", "bus": "Bus", "car": "Car", "motorcycle": "Motorcycle", "pedestrian": "Pedestrian", "trailer": "Trailer", "truck": "Truck"}, "tracking_colors": {"bicycle": "C9", "bus": "C2", "car": "C0", "motorcycle": "C6", "pedestrian": "C5", "trailer": "C3", "truck": "C1"}, "class_range": {"car": 50, "truck": 50, "bus": 50, "trailer": 50, "pedestrian": 40, "motorcycle": 40, "bicycle": 40}, "dist_fcn": "center_distance", "dist_th_tp": 2.0, "min_recall": 0.1, "max_boxes_per_sample": 500, "metric_worst": {"amota": 0.0, "amotp": 2.0, "recall": 0.0, "motar": 0.0, "mota": 0.0, "motp": 2.0, "mt": 0.0, "ml": -1.0, "faf": 500, "gt": -1, "tp": 0.0, "fp": -1.0, "fn": -1.0, "ids": -1.0, "frag": -1.0, "tid": 20, "lgd": 20}, "num_thresholds": 40}, "amota": 0.3719155493557997, "amotp": 1.0453151262742353, "recall": 0.46104250915397615, "motar": 0.6126480172564808, "gt": 14556.714285714286, "mota": 0.3121164165144868, "motp": 0.35816657285643083, "mt": 3082.0, "ml": 2227.0, "faf": 49.88683980096128, "tp": 66233.0, "fp": 14875.0, "fn": 35430.0, "ids": 234.0, "frag": 421.0, "tid": 1.4311415220860524, "lgd": 1.6548814054454482}