{"label_metrics": {"amota": {"bicycle": 0.024928128242413885, "bus": 0.572432693754698, "car": 0.7090637911177252, "motorcycle": 0.1522439746446428, "pedestrian": 0.5435864522774324, "trailer": 0.23521283172001145, "truck": 0.3558426553623268}, "amotp": {"bicycle": 1.3044138440433153, "bus": 0.9308985394301217, "car": 0.6035756799475456, "motorcycle": 1.0269079344825047, "pedestrian": 0.9073164943581903, "trailer": 1.3805067315492003, "truck": 1.159765351614217}, "recall": {"bicycle": 0.15102860010035124, "bus": 0.6666666666666666, "car": 0.7507073409125984, "motorcycle": 0.3257460799190693, "pedestrian": 0.6160169924871179, "trailer": 0.35876288659793815, "truck": 0.4058031088082902}, "motar": {"bicycle": 0.2624584717607974, "bus": 0.6695095948827292, "car": 0.7832798900595511, "motorcycle": 0.4515625, "pedestrian": 0.8144124453587042, "trailer": 0.5630057803468205, "truck": 0.6564495530012768}, "gt": {"bicycle": 1993.0, "bus": 2112.0, "car": 58317.0, "motorcycle": 1977.0, "pedestrian": 25423.0, "trailer": 2425.0, "truck": 9650.0}, "mota": {"bicycle": 0.03963873557451081, "bus": 0.4460227272727273, "car": 0.5864156249464136, "motorcycle": 0.14618108244815375, "pedestrian": 0.4983282854108484, "trailer": 0.20082474226804126, "truck": 0.2663212435233161}, "motp": {"bicycle": 0.13373656254443592, "bus": 0.4913619156774521, "car": 0.25141535048054925, "motorcycle": 0.2174390775959842, "pedestrian": 0.2253189077155919, "trailer": 0.7576525995045922, "truck": 0.4174418745981253}, "mt": {"bicycle": 13.0, "bus": 56.0, "car": 2161.0, "motorcycle": 30.0, "pedestrian": 626.0, "trailer": 30.0, "truck": 166.0}, "ml": {"bicycle": 126.0, "bus": 35.0, "car": 958.0, "motorcycle": 83.0, "pedestrian": 593.0, "trailer": 88.0, "truck": 336.0}, "faf": {"bicycle": 14.799999999999999, "bus": 26.182432432432435, "car": 163.16606311433006, "motorcycle": 23.001310615989514, "pedestrian": 65.19873532068654, "trailer": 33.33333333333333, "truck": 34.66494845360825}, "tp": {"bicycle": 301.0, "bus": 1407.0, "car": 43660.0, "motorcycle": 640.0, "pedestrian": 15556.0, "trailer": 865.0, "truck": 3915.0}, "fp": {"bicycle": 222.0, "bus": 465.0, "car": 9462.0, "motorcycle": 351.0, "pedestrian": 2887.0, "trailer": 378.0, "truck": 1345.0}, "fn": {"bicycle": 1692.0, "bus": 704.0, "car": 14538.0, "motorcycle": 1333.0, "pedestrian": 9762.0, "trailer": 1555.0, "truck": 5734.0}, "ids": {"bicycle": 0.0, "bus": 1.0, "car": 119.0, "motorcycle": 4.0, "pedestrian": 105.0, "trailer": 5.0, "truck": 1.0}, "frag": {"bicycle": 0.0, "bus": 27.0, "car": 232.0, "motorcycle": 0.0, "pedestrian": 102.0, "trailer": 35.0, "truck": 37.0}, "tid": {"bicycle": 2.15, "bus": 0.8445945945945946, "car": 0.8692279942279942, "motorcycle": 2.0980392156862746, "pedestrian": 1.8901808785529717, "trailer": 1.1382978723404256, "truck": 1.0328638497652582}, "lgd": {"bicycle": 2.25, "bus": 1.2702702702702702, "car": 0.9612193362193362, "motorcycle": 2.196078431372549, "pedestrian": 2.004306632213609, "trailer": 1.5851063829787233, "truck": 1.312206572769953}}, "eval_time": 1987.3388521671295, "cfg": {"tracking_names": ["bicycle", "bus", "car", "motorcycle", "pedestrian", "trailer", "truck"], "pretty_tracking_names": {"bicycle": "Bicycle", "bus": "Bus", "car": "Car", "motorcycle": "Motorcycle", "pedestrian": "Pedestrian", "trailer": "Trailer", "truck": "Truck"}, "tracking_colors": {"bicycle": "C9", "bus": "C2", "car": "C0", "motorcycle": "C6", "pedestrian": "C5", "trailer": "C3", "truck": "C1"}, "class_range": {"car": 50, "truck": 50, "bus": 50, "trailer": 50, "pedestrian": 40, "motorcycle": 40, "bicycle": 40}, "dist_fcn": "center_distance", "dist_th_tp": 2.0, "min_recall": 0.1, "max_boxes_per_sample": 500, "metric_worst": {"amota": 0.0, "amotp": 2.0, "recall": 0.0, "motar": 0.0, "mota": 0.0, "motp": 2.0, "mt": 0.0, "ml": -1.0, "faf": 500, "gt": -1, "tp": 0.0, "fp": -1.0, "fn": -1.0, "ids": -1.0, "frag": -1.0, "tid": 20, "lgd": 20}, "num_thresholds": 40}, "amota": 0.37047293244560714, "amotp": 1.044769225060728, "recall": 0.46781881078457593, "motar": 0.6000968907728399, "gt": 14556.714285714286, "mota": 0.31196177734914443, "motp": 0.356338041159533, "mt": 3082.0, "ml": 2219.0, "faf": 51.478117610054305, "tp": 66344.0, "fp": 15110.0, "fn": 35318.0, "ids": 235.0, "frag": 433.0, "tid": 1.43188634359536, "lgd": 1.654169660832063}