{"label_metrics": {"amota": {"bicycle": 0.0, "bus": 0.39241476885618265, "car": 0.6774982531730924, "motorcycle": 0.0, "pedestrian": 0.6476299555080287, "trailer": 0.12873246013649484, "truck": 0.12435973706103398}, "amotp": {"bicycle": 0.9034161159173838, "bus": 0.9820937468801562, "car": 0.5289710682641662, "motorcycle": 1.0381848160532512, "pedestrian": 0.5169498753132474, "trailer": 1.257417365935575, "truck": 0.9706082259407495}, "recall": {"bicycle": 0.6362267937782238, "bus": 0.3555871212121212, "car": 0.6641288132105561, "motorcycle": 0.6287303995953465, "pedestrian": 0.7136057900326476, "trailer": 0.29237113402061854, "truck": 0.15015544041450776}, "motar": {"bicycle": 0.0, "bus": 0.9107856191744341, "car": 0.7890133774937252, "motorcycle": 0.0, "pedestrian": 0.7219465968002676, "trailer": 0.4076704545454546, "truck": 0.5732044198895028}, "gt": {"bicycle": 1993.0, "bus": 2112.0, "car": 58317.0, "motorcycle": 1977.0, "pedestrian": 25423.0, "trailer": 2425.0, "truck": 9650.0}, "mota": {"bicycle": 0.0, "bus": 0.32386363636363635, "car": 0.5228835502512132, "motorcycle": 0.0, "pedestrian": 0.5094206033906306, "trailer": 0.1183505154639175, "truck": 0.08601036269430051}, "motp": {"bicycle": 0.23792271705802048, "bus": 0.4226125262376105, "car": 0.24638160442367513, "motorcycle": 0.4225601536770034, "pedestrian": 0.24098486979365955, "trailer": 0.7875277018592641, "truck": 0.35055915806015353}, "mt": {"bicycle": 76.0, "bus": 34.0, "car": 1970.0, "motorcycle": 68.0, "pedestrian": 992.0, "trailer": 21.0, "truck": 59.0}, "ml": {"bicycle": 42.0, "bus": 70.0, "car": 1412.0, "motorcycle": 38.0, "pedestrian": 501.0, "trailer": 99.0, "truck": 475.0}, "faf": {"bicycle": 392.6737295744299, "bus": 4.251269035532995, "car": 140.82901554404145, "motorcycle": 350.8824075794167, "pedestrian": 107.94200389526077, "trailer": 35.824742268041234, "truck": 16.528483551751805}, "tp": {"bicycle": 1257.0, "bus": 751.0, "car": 38647.0, "motorcycle": 1201.0, "pedestrian": 17939.0, "trailer": 704.0, "truck": 1448.0}, "fp": {"bicycle": 21868.0, "bus": 67.0, "car": 8154.0, "motorcycle": 18888.0, "pedestrian": 4988.0, "trailer": 417.0, "truck": 618.0}, "fn": {"bicycle": 725.0, "bus": 1361.0, "car": 19587.0, "motorcycle": 734.0, "pedestrian": 7281.0, "trailer": 1716.0, "truck": 8201.0}, "ids": {"bicycle": 11.0, "bus": 0.0, "car": 83.0, "motorcycle": 42.0, "pedestrian": 203.0, "trailer": 5.0, "truck": 1.0}, "frag": {"bicycle": 6.0, "bus": 9.0, "car": 164.0, "motorcycle": 19.0, "pedestrian": 132.0, "trailer": 31.0, "truck": 3.0}, "tid": {"bicycle": 1.3771186440677967, "bus": 1.064102564102564, "car": 0.5959377700950734, "motorcycle": 1.1666666666666667, "pedestrian": 0.8612903225806452, "trailer": 0.9705882352941176, "truck": 0.5}, "lgd": {"bicycle": 1.6567796610169492, "bus": 1.1025641025641026, "car": 0.8366464995678479, "motorcycle": 1.6372549019607843, "pedestrian": 1.0544354838709677, "trailer": 1.4558823529411764, "truck": 0.8059701492537313}}, "eval_time": 3841.56431722641, "cfg": {"tracking_names": ["bicycle", "bus", "car", "motorcycle", "pedestrian", "trailer", "truck"], "pretty_tracking_names": {"bicycle": "Bicycle", "bus": "Bus", "car": "Car", "motorcycle": "Motorcycle", "pedestrian": "Pedestrian", "trailer": "Trailer", "truck": "Truck"}, "tracking_colors": {"bicycle": "C9", "bus": "C2", "car": "C0", "motorcycle": "C6", "pedestrian": "C5", "trailer": "C3", "truck": "C1"}, "class_range": {"car": 50, "truck": 50, "bus": 50, "trailer": 50, "pedestrian": 40, "motorcycle": 40, "bicycle": 40}, "dist_fcn": "center_distance", "dist_th_tp": 2.0, "min_recall": 0.1, "max_boxes_per_sample": 500, "metric_worst": {"amota": 0.0, "amotp": 2.0, "recall": 0.0, "motar": 0.0, "mota": 0.0, "motp": 2.0, "mt": 0.0, "ml": -1.0, "faf": 500, "gt": -1, "tp": 0.0, "fp": -1.0, "fn": -1.0, "ids": -1.0, "frag": -1.0, "tid": 20, "lgd": 20}, "num_thresholds": 40}, "amota": 0.2815193106764046, "amotp": 0.8853773163292183, "recall": 0.49154364175200305, "motar": 0.486088638271912, "gt": 14556.714285714286, "mota": 0.22293266688052832, "motp": 0.38693553301562666, "mt": 3220.0, "ml": 2637.0, "faf": 149.84737877835354, "tp": 61947.0, "fp": 55000.0, "fn": 39605.0, "ids": 345.0, "frag": 364.0, "tid": 0.9336720289724091, "lgd": 1.2213618787393656}