{"label_metrics": {"amota": {"bicycle": 0.0, "bus": 0.5282982122404076, "car": 0.219912959743031, "motorcycle": 0.2790611696273423, "pedestrian": 0.0, "trailer": 0.17150338767982115, "truck": 0.09469311684963416}, "amotp": {"bicycle": 2.0, "bus": 1.1102384186449434, "car": 1.5855084603766838, "motorcycle": 1.415593984383884, "pedestrian": 2.0, "trailer": 1.7428521681636422, "truck": 1.8309483154603405}, "recall": {"bicycle": 0.0, "bus": 0.5923295454545454, "car": 0.2848911981068985, "motorcycle": 0.37885685381891754, "pedestrian": 0.0, "trailer": 0.2668041237113402, "truck": 0.1693264248704663}, "motar": {"bicycle": 0.0, "bus": 0.8721023181454837, "car": 0.9366532185223099, "motorcycle": 0.8096514745308311, "pedestrian": 0.0, "trailer": 0.7844961240310081, "truck": 0.9290085679314566}, "gt": {"bicycle": 1993.0, "bus": 2112.0, "car": 58317.0, "motorcycle": 1977.0, "pedestrian": 25423.0, "trailer": 2425.0, "truck": 9650.0}, "mota": {"bicycle": 0.0, "bus": 0.5165719696969697, "car": 0.26673182776891813, "motorcycle": 0.30551340414769856, "pedestrian": 0.0, "trailer": 0.208659793814433, "truck": 0.15730569948186524}, "motp": {"bicycle": 2.0, "bus": 0.4587318635547041, "car": 0.18016075772251425, "motorcycle": 0.26249282461943685, "pedestrian": 2.0, "trailer": 0.7460489844459443, "truck": 0.314632254872995}, "mt": {"bicycle": 0.0, "bus": 36.0, "car": 340.0, "motorcycle": 17.0, "pedestrian": 0.0, "trailer": 12.0, "truck": 33.0}, "ml": {"bicycle": 156.0, "bus": 36.0, "car": 2675.0, "motorcycle": 74.0, "pedestrian": 1702.0, "trailer": 97.0, "truck": 452.0}, "faf": {"bicycle": 500.0, "bus": 9.870450339296731, "car": 18.289290681502084, "motorcycle": 10.518518518518519, "pedestrian": 500.0, "trailer": 14.111675126903553, "truck": 3.2079646017699117}, "tp": {"bicycle": 0.0, "bus": 1251.0, "car": 16607.0, "motorcycle": 746.0, "pedestrian": 0.0, "trailer": 645.0, "truck": 1634.0}, "fp": {"bicycle": NaN, "bus": 160.0, "car": 1052.0, "motorcycle": 142.0, "pedestrian": NaN, "trailer": 139.0, "truck": 116.0}, "fn": {"bicycle": 1993.0, "bus": 861.0, "car": 41703.0, "motorcycle": 1228.0, "pedestrian": 25423.0, "trailer": 1778.0, "truck": 8016.0}, "ids": {"bicycle": NaN, "bus": 0.0, "car": 7.0, "motorcycle": 3.0, "pedestrian": NaN, "trailer": 2.0, "truck": 0.0}, "frag": {"bicycle": NaN, "bus": 19.0, "car": 25.0, "motorcycle": 5.0, "pedestrian": NaN, "trailer": 23.0, "truck": 6.0}, "tid": {"bicycle": 20.0, "bus": 2.7333333333333334, "car": 3.5318949343339585, "motorcycle": 3.7131147540983607, "pedestrian": 20.0, "trailer": 2.975, "truck": 3.6894736842105265}, "lgd": {"bicycle": 20.0, "bus": 2.8333333333333335, "car": 3.5741088180112572, "motorcycle": 3.9836065573770494, "pedestrian": 20.0, "trailer": 3.2375, "truck": 3.805263157894737}}, "eval_time": 477.1184983253479, "cfg": {"tracking_names": ["bicycle", "bus", "car", "motorcycle", "pedestrian", "trailer", "truck"], "pretty_tracking_names": {"bicycle": "Bicycle", "bus": "Bus", "car": "Car", "motorcycle": "Motorcycle", "pedestrian": "Pedestrian", "trailer": "Trailer", "truck": "Truck"}, "tracking_colors": {"bicycle": "C9", "bus": "C2", "car": "C0", "motorcycle": "C6", "pedestrian": "C5", "trailer": "C3", "truck": "C1"}, "class_range": {"car": 50, "truck": 50, "bus": 50, "trailer": 50, "pedestrian": 40, "motorcycle": 40, "bicycle": 40}, "dist_fcn": "center_distance", "dist_th_tp": 2.0, "min_recall": 0.1, "max_boxes_per_sample": 500, "metric_worst": {"amota": 0.0, "amotp": 2.0, "recall": 0.0, "motar": 0.0, "mota": 0.0, "motp": 2.0, "mt": 0.0, "ml": -1.0, "faf": 500, "gt": -1, "tp": 0.0, "fp": -1.0, "fn": -1.0, "ids": -1.0, "frag": -1.0, "tid": 20, "lgd": 20}, "num_thresholds": 40}, "amota": 0.18478126373431944, "amotp": 1.669305906718499, "recall": 0.2417440208517383, "motar": 0.6188445290230128, "gt": 14556.714285714286, "mota": 0.20782609927284065, "motp": 0.8517238121736563, "mt": 438.0, "ml": 5192.0, "faf": 150.85684275257012, "tp": 20883.0, "fp": 1609.0, "fn": 81002.0, "ids": 12.0, "frag": 78.0, "tid": 8.091830957996597, "lgd": 8.204830266659481}