{"label_metrics": {"amota": {"bicycle": 0.030334464369054726, "bus": 0.4858695882627401, "car": 0.7146847712794315, "motorcycle": 0.05557500156841766, "pedestrian": 0.6448277365897657, "trailer": 0.2047197964867058, "truck": 0.30158592420446156}, "amotp": {"bicycle": 1.0779393724547779, "bus": 0.9782892267497576, "car": 0.5640491028284582, "motorcycle": 1.0075104418774774, "pedestrian": 0.6439125767806217, "trailer": 1.3516490691051293, "truck": 1.0397643414521944}, "recall": {"bicycle": 0.14601103863522327, "bus": 0.4876893939393939, "car": 0.7078724900114889, "motorcycle": 0.3287809812847749, "pedestrian": 0.7211973409904417, "trailer": 0.2775257731958763, "truck": 0.33979274611398963}, "motar": {"bicycle": 0.31958762886597936, "bus": 0.752918287937743, "car": 0.8058766391452162, "motorcycle": 0.3100775193798446, "pedestrian": 0.7391591823240949, "trailer": 0.646795827123696, "truck": 0.6652425999389686}, "gt": {"bicycle": 1993.0, "bus": 2112.0, "car": 58317.0, "motorcycle": 1977.0, "pedestrian": 25423.0, "trailer": 2425.0, "truck": 9650.0}, "mota": {"bicycle": 0.04666332162568987, "bus": 0.3664772727272727, "car": 0.5690621945573332, "motorcycle": 0.10116337885685378, "pedestrian": 0.5276717932580735, "trailer": 0.1789690721649485, "truck": 0.22590673575129538}, "motp": {"bicycle": 0.1364593703635276, "bus": 0.4712256259380116, "car": 0.2448080422625416, "motorcycle": 0.26760387008594055, "pedestrian": 0.23968565808695766, "trailer": 0.7718518890893898, "truck": 0.3938433302790851}, "mt": {"bicycle": 14.0, "bus": 42.0, "car": 2095.0, "motorcycle": 32.0, "pedestrian": 953.0, "trailer": 19.0, "truck": 139.0}, "ml": {"bicycle": 131.0, "bus": 50.0, "car": 1222.0, "motorcycle": 85.0, "pedestrian": 440.0, "trailer": 98.0, "truck": 376.0}, "faf": {"bicycle": 13.414634146341465, "bus": 15.573267933782956, "car": 137.78007583591864, "motorcycle": 28.14674256799494, "pedestrian": 103.24972737186478, "trailer": 22.52851711026616, "truck": 28.78509577538704}, "tp": {"bicycle": 291.0, "bus": 1028.0, "car": 41180.0, "motorcycle": 645.0, "pedestrian": 18149.0, "trailer": 671.0, "truck": 3277.0}, "fp": {"bicycle": 198.0, "bus": 254.0, "car": 7994.0, "motorcycle": 445.0, "pedestrian": 4734.0, "trailer": 237.0, "truck": 1097.0}, "fn": {"bicycle": 1702.0, "bus": 1082.0, "car": 17036.0, "motorcycle": 1327.0, "pedestrian": 7088.0, "trailer": 1752.0, "truck": 6371.0}, "ids": {"bicycle": 0.0, "bus": 2.0, "car": 101.0, "motorcycle": 5.0, "pedestrian": 186.0, "trailer": 2.0, "truck": 2.0}, "frag": {"bicycle": 0.0, "bus": 17.0, "car": 202.0, "motorcycle": 2.0, "pedestrian": 137.0, "trailer": 35.0, "truck": 20.0}, "tid": {"bicycle": 1.66, "bus": 0.9655172413793104, "car": 0.6714743589743589, "motorcycle": 1.6875, "pedestrian": 1.0478560490045943, "trailer": 0.9571428571428572, "truck": 0.7857142857142857}, "lgd": {"bicycle": 1.78, "bus": 1.3879310344827587, "car": 0.8078926282051282, "motorcycle": 2.0833333333333335, "pedestrian": 1.2140122511485452, "trailer": 1.3571428571428572, "truck": 1.0922619047619047}}, "eval_time": 3028.105316877365, "cfg": {"tracking_names": ["bicycle", "bus", "car", "motorcycle", "pedestrian", "trailer", "truck"], "pretty_tracking_names": {"bicycle": "Bicycle", "bus": "Bus", "car": "Car", "motorcycle": "Motorcycle", "pedestrian": "Pedestrian", "trailer": "Trailer", "truck": "Truck"}, "tracking_colors": {"bicycle": "C9", "bus": "C2", "car": "C0", "motorcycle": "C6", "pedestrian": "C5", "trailer": "C3", "truck": "C1"}, "class_range": {"car": 50, "truck": 50, "bus": 50, "trailer": 50, "pedestrian": 40, "motorcycle": 40, "bicycle": 40}, "dist_fcn": "center_distance", "dist_th_tp": 2.0, "min_recall": 0.1, "max_boxes_per_sample": 500, "metric_worst": {"amota": 0.0, "amotp": 2.0, "recall": 0.0, "motar": 0.0, "mota": 0.0, "motp": 2.0, "mt": 0.0, "ml": -1.0, "faf": 500, "gt": -1, "tp": 0.0, "fp": -1.0, "fn": -1.0, "ids": -1.0, "frag": -1.0, "tid": 20, "lgd": 20}, "num_thresholds": 40}, "amota": 0.348228183251511, "amotp": 0.9518734473212024, "recall": 0.42983853773874126, "motar": 0.6056653835307919, "gt": 14556.714285714286, "mota": 0.28798768127735247, "motp": 0.3607825408722077, "mt": 3294.0, "ml": 2402.0, "faf": 49.925437248793706, "tp": 65241.0, "fp": 14959.0, "fn": 36358.0, "ids": 298.0, "frag": 413.0, "tid": 1.1107435417450582, "lgd": 1.388939144153504}