{"label_metrics": {"amota": {"bicycle": 0.0, "bus": 0.35620809296458905, "car": 0.6063627876730153, "motorcycle": 0.0, "pedestrian": 0.5497053215743906, "trailer": 0.020544926492118705, "truck": 0.005147759771210678}, "amotp": {"bicycle": 0.8925821368346935, "bus": 0.988015581318358, "car": 0.539742724912721, "motorcycle": 0.9095306573073891, "pedestrian": 0.5035646733815236, "trailer": 1.3483339581885072, "truck": 0.953760112741038}, "recall": {"bicycle": 0.6668339187155042, "bus": 0.3366477272727273, "car": 0.6043863710410343, "motorcycle": 0.7071320182094082, "pedestrian": 0.6711639066986587, "trailer": 0.13237113402061856, "truck": 0.10880829015544041}, "motar": {"bicycle": 0.0, "bus": 0.9226441631504922, "car": 0.7690470096408156, "motorcycle": 0.0, "pedestrian": 0.6721447641649363, "trailer": 0.2741433021806854, "truck": 0.2059103908484271}, "gt": {"bicycle": 1993.0, "bus": 2112.0, "car": 58317.0, "motorcycle": 1977.0, "pedestrian": 25423.0, "trailer": 2425.0, "truck": 9650.0}, "mota": {"bicycle": 0.0, "bus": 0.31060606060606055, "car": 0.4637069808117702, "motorcycle": 0.0, "pedestrian": 0.4456201077764229, "trailer": 0.03628865979381446, "truck": 0.022383419689119166}, "motp": {"bicycle": 0.3265042188269856, "bus": 0.43021594436151284, "car": 0.2463247014834425, "motorcycle": 0.5021827634288795, "pedestrian": 0.26990630228817974, "trailer": 0.7995421493461836, "truck": 0.39447128086475824}, "mt": {"bicycle": 86.0, "bus": 30.0, "car": 1729.0, "motorcycle": 76.0, "pedestrian": 914.0, "trailer": 9.0, "truck": 38.0}, "ml": {"bicycle": 40.0, "bus": 74.0, "car": 1687.0, "motorcycle": 22.0, "pedestrian": 577.0, "trailer": 121.0, "truck": 496.0}, "faf": {"bicycle": 1551.0363574583757, "bus": 3.562176165803109, "car": 140.45313040470427, "motorcycle": 1139.3459376596832, "pedestrian": 120.41839180649379, "trailer": 22.14828897338403, "truck": 22.101353144070046}, "tp": {"bicycle": 1308.0, "bus": 711.0, "car": 35163.0, "motorcycle": 1339.0, "pedestrian": 16855.0, "trailer": 321.0, "truck": 1049.0}, "fp": {"bicycle": 91294.0, "bus": 55.0, "car": 8121.0, "motorcycle": 66891.0, "pedestrian": 5526.0, "trailer": 233.0, "truck": 833.0}, "fn": {"bicycle": 664.0, "bus": 1401.0, "car": 23071.0, "motorcycle": 579.0, "pedestrian": 8360.0, "trailer": 2104.0, "truck": 8600.0}, "ids": {"bicycle": 21.0, "bus": 0.0, "car": 83.0, "motorcycle": 59.0, "pedestrian": 208.0, "trailer": 0.0, "truck": 1.0}, "frag": {"bicycle": 6.0, "bus": 8.0, "car": 122.0, "motorcycle": 25.0, "pedestrian": 112.0, "trailer": 5.0, "truck": 5.0}, "tid": {"bicycle": 0.9875, "bus": 0.6714285714285714, "car": 0.5301997077447638, "motorcycle": 0.6936936936936937, "pedestrian": 0.8130360205831904, "trailer": 1.6153846153846154, "truck": 0.8645833333333334}, "lgd": {"bicycle": 1.2666666666666666, "bus": 1.0285714285714285, "car": 0.9081831466147102, "motorcycle": 1.3153153153153154, "pedestrian": 1.161663807890223, "trailer": 2.0384615384615383, "truck": 1.4479166666666667}}, "eval_time": 5103.149496793747, "cfg": {"tracking_names": ["bicycle", "bus", "car", "motorcycle", "pedestrian", "trailer", "truck"], "pretty_tracking_names": {"bicycle": "Bicycle", "bus": "Bus", "car": "Car", "motorcycle": "Motorcycle", "pedestrian": "Pedestrian", "trailer": "Trailer", "truck": "Truck"}, "tracking_colors": {"bicycle": "C9", "bus": "C2", "car": "C0", "motorcycle": "C6", "pedestrian": "C5", "trailer": "C3", "truck": "C1"}, "class_range": {"car": 50, "truck": 50, "bus": 50, "trailer": 50, "pedestrian": 40, "motorcycle": 40, "bicycle": 40}, "dist_fcn": "center_distance", "dist_th_tp": 2.0, "min_recall": 0.1, "max_boxes_per_sample": 500, "metric_worst": {"amota": 0.0, "amotp": 2.0, "recall": 0.0, "motar": 0.0, "mota": 0.0, "motp": 2.0, "mt": 0.0, "ml": -1.0, "faf": 500, "gt": -1, "tp": 0.0, "fp": -1.0, "fn": -1.0, "ids": -1.0, "frag": -1.0, "tid": 20, "lgd": 20}, "num_thresholds": 40}, "amota": 0.2197098412107606, "amotp": 0.8765042635263186, "recall": 0.4610490523019131, "motar": 0.40626994714076525, "gt": 14556.714285714286, "mota": 0.18265788981102674, "motp": 0.4241639086571346, "mt": 2882.0, "ml": 3017.0, "faf": 428.4379479446448, "tp": 56746.0, "fp": 172953.0, "fn": 44779.0, "ids": 372.0, "frag": 283.0, "tid": 0.8822608488811668, "lgd": 1.3095397957409356}