{"label_metrics": {"amota": {"bicycle": 0.08703714983027924, "bus": 0.6431015730945068, "car": 0.5500102921211834, "motorcycle": 0.35175352761550027, "pedestrian": 0.0, "trailer": 0.2770092877964741, "truck": 0.3461377448166549}, "amotp": {"bicycle": 1.767507900431795, "bus": 0.8862062969878306, "car": 0.9519909216417008, "motorcycle": 1.1085600118842105, "pedestrian": 2.0, "trailer": 1.5536273459562158, "truck": 1.3460525016611313}, "recall": {"bicycle": 0.17160060210737582, "bus": 0.6917613636363636, "car": 0.6092220107344342, "motorcycle": 0.5007587253414264, "pedestrian": 0.0, "trailer": 0.3595876288659794, "truck": 0.44860103626943004}, "motar": {"bicycle": 0.7046783625730995, "bus": 0.8075342465753425, "car": 0.8642988019732205, "motorcycle": 0.6734486266531028, "pedestrian": 0.0, "trailer": 0.7479768786127166, "truck": 0.7567067530064755}, "gt": {"bicycle": 1993.0, "bus": 2112.0, "car": 58317.0, "motorcycle": 1977.0, "pedestrian": 25423.0, "trailer": 2425.0, "truck": 9650.0}, "mota": {"bicycle": 0.12092323130958349, "bus": 0.5582386363636364, "car": 0.5257643568770685, "motorcycle": 0.3348507840161862, "pedestrian": 0.0, "trailer": 0.2668041237113402, "truck": 0.33906735751295336}, "motp": {"bicycle": 0.14069420327967533, "bus": 0.48228998178750887, "car": 0.21953915361285514, "motorcycle": 0.264375976100633, "pedestrian": 2.0, "trailer": 0.7370271389991602, "truck": 0.40023256422010894}, "mt": {"bicycle": 6.0, "bus": 58.0, "car": 1279.0, "motorcycle": 34.0, "pedestrian": 0.0, "trailer": 25.0, "truck": 144.0}, "ml": {"bicycle": 118.0, "bus": 29.0, "car": 1430.0, "motorcycle": 56.0, "pedestrian": 1702.0, "trailer": 85.0, "truck": 283.0}, "faf": {"bicycle": 7.183499288762446, "bus": 16.756112104949313, "car": 83.44600450684693, "motorcycle": 22.260748959778088, "pedestrian": 500.0, "trailer": 21.20622568093385, "truck": 28.203753351206434}, "tp": {"bicycle": 342.0, "bus": 1460.0, "car": 35475.0, "motorcycle": 983.0, "pedestrian": 0.0, "trailer": 865.0, "truck": 4324.0}, "fp": {"bicycle": 101.0, "bus": 281.0, "car": 4814.0, "motorcycle": 321.0, "pedestrian": NaN, "trailer": 218.0, "truck": 1052.0}, "fn": {"bicycle": 1651.0, "bus": 651.0, "car": 22789.0, "motorcycle": 987.0, "pedestrian": 25423.0, "trailer": 1553.0, "truck": 5321.0}, "ids": {"bicycle": 0.0, "bus": 1.0, "car": 53.0, "motorcycle": 7.0, "pedestrian": NaN, "trailer": 7.0, "truck": 5.0}, "frag": {"bicycle": 0.0, "bus": 23.0, "car": 138.0, "motorcycle": 12.0, "pedestrian": NaN, "trailer": 29.0, "truck": 46.0}, "tid": {"bicycle": 3.5, "bus": 1.1898734177215189, "car": 1.8472162278808804, "motorcycle": 2.4743589743589745, "pedestrian": 20.0, "trailer": 2.4134615384615383, "truck": 2.4191176470588234}, "lgd": {"bicycle": 3.5641025641025643, "bus": 1.4683544303797469, "car": 1.9231765213638325, "motorcycle": 2.608974358974359, "pedestrian": 20.0, "trailer": 2.6923076923076925, "truck": 2.613970588235294}}, "eval_time": 1073.9444363117218, "cfg": {"tracking_names": ["bicycle", "bus", "car", "motorcycle", "pedestrian", "trailer", "truck"], "pretty_tracking_names": {"bicycle": "Bicycle", "bus": "Bus", "car": "Car", "motorcycle": "Motorcycle", "pedestrian": "Pedestrian", "trailer": "Trailer", "truck": "Truck"}, "tracking_colors": {"bicycle": "C9", "bus": "C2", "car": "C0", "motorcycle": "C6", "pedestrian": "C5", "trailer": "C3", "truck": "C1"}, "class_range": {"car": 50, "truck": 50, "bus": 50, "trailer": 50, "pedestrian": 40, "motorcycle": 40, "bicycle": 40}, "dist_fcn": "center_distance", "dist_th_tp": 2.0, "min_recall": 0.1, "max_boxes_per_sample": 500, "metric_worst": {"amota": 0.0, "amotp": 2.0, "recall": 0.0, "motar": 0.0, "mota": 0.0, "motp": 2.0, "mt": 0.0, "ml": -1.0, "faf": 500, "gt": -1, "tp": 0.0, "fp": -1.0, "fn": -1.0, "ids": -1.0, "frag": -1.0, "tid": 20, "lgd": 20}, "num_thresholds": 40}, "amota": 0.3221499393249427, "amotp": 1.3734207112232693, "recall": 0.39736162385071566, "motar": 0.6506633813419939, "gt": 14556.714285714286, "mota": 0.30652121282725264, "motp": 0.6063084311428488, "mt": 1546.0, "ml": 3703.0, "faf": 97.00804912749672, "tp": 43449.0, "fp": 6787.0, "fn": 58375.0, "ids": 73.0, "frag": 248.0, "tid": 4.834861115068819, "lgd": 4.981555165051928}