{"label_metrics": {"amota": {"bicycle": 0.09235883157798316, "bus": 0.5939469277062898, "car": 0.615758315192279, "motorcycle": 0.3375065137260928, "pedestrian": 0.1433492732468292, "trailer": 0.2545036198273965, "truck": 0.3946295553169266}, "amotp": {"bicycle": 1.629156510976916, "bus": 0.9656806304284953, "car": 0.8194000096327005, "motorcycle": 1.0354215246020673, "pedestrian": 1.7260119407467198, "trailer": 1.534619369232595, "truck": 1.185468516574979}, "recall": {"bicycle": 0.23933768188660312, "bus": 0.5492424242424242, "car": 0.6796988871169641, "motorcycle": 0.5604451188669701, "pedestrian": 0.21645753844943555, "trailer": 0.3612371134020619, "truck": 0.4946113989637306}, "motar": {"bicycle": 0.3886554621848739, "bus": 0.8862068965517242, "car": 0.8371211163637282, "motorcycle": 0.52367941712204, "pedestrian": 0.9208659268692014, "trailer": 0.6547756041426929, "truck": 0.6748530646515534}, "gt": {"bicycle": 1993.0, "bus": 2112.0, "car": 58317.0, "motorcycle": 1977.0, "pedestrian": 25423.0, "trailer": 2425.0, "truck": 9650.0}, "mota": {"bicycle": 0.09282488710486703, "bus": 0.4867424242424242, "car": 0.5678275631462524, "motorcycle": 0.2908447142134547, "pedestrian": 0.19911104118318057, "trailer": 0.23463917525773192, "truck": 0.33316062176165806}, "motp": {"bicycle": 0.15195506598645028, "bus": 0.43921674976492986, "car": 0.23309571962101952, "motorcycle": 0.3079724992731797, "pedestrian": 0.18767613118282991, "trailer": 0.758180909210806, "truck": 0.4043963554002204}, "mt": {"bicycle": 12.0, "bus": 51.0, "car": 1637.0, "motorcycle": 41.0, "pedestrian": 86.0, "trailer": 27.0, "truck": 177.0}, "ml": {"bicycle": 109.0, "bus": 46.0, "car": 1143.0, "motorcycle": 46.0, "pedestrian": 1305.0, "trailer": 86.0, "truck": 269.0}, "faf": {"bicycle": 19.044502617801047, "bus": 8.281053952321205, "car": 111.60575090940586, "motorcycle": 33.35459183673469, "pedestrian": 10.12334186641843, "trailer": 27.149321266968325, "truck": 39.72813541933829}, "tp": {"bicycle": 476.0, "bus": 1160.0, "car": 39557.0, "motorcycle": 1098.0, "pedestrian": 5497.0, "trailer": 869.0, "truck": 4764.0}, "fp": {"bicycle": 291.0, "bus": 132.0, "car": 6443.0, "motorcycle": 523.0, "pedestrian": 435.0, "trailer": 300.0, "truck": 1549.0}, "fn": {"bicycle": 1516.0, "bus": 952.0, "car": 18679.0, "motorcycle": 869.0, "pedestrian": 19920.0, "trailer": 1549.0, "truck": 4877.0}, "ids": {"bicycle": 1.0, "bus": 0.0, "car": 81.0, "motorcycle": 10.0, "pedestrian": 6.0, "trailer": 7.0, "truck": 9.0}, "frag": {"bicycle": 0.0, "bus": 15.0, "car": 185.0, "motorcycle": 16.0, "pedestrian": 11.0, "trailer": 34.0, "truck": 51.0}, "tid": {"bicycle": 3.284313725490196, "bus": 0.6693548387096774, "car": 1.4757131842713955, "motorcycle": 2.074712643678161, "pedestrian": 4.417233560090703, "trailer": 2.06, "truck": 1.6839285714285714}, "lgd": {"bicycle": 3.4019607843137254, "bus": 1.0161290322580645, "car": 1.5470316114109484, "motorcycle": 2.2011494252873565, "pedestrian": 4.434240362811791, "trailer": 2.4, "truck": 1.875}}, "eval_time": 1263.180773973465, "cfg": {"tracking_names": ["bicycle", "bus", "car", "motorcycle", "pedestrian", "trailer", "truck"], "pretty_tracking_names": {"bicycle": "Bicycle", "bus": "Bus", "car": "Car", "motorcycle": "Motorcycle", "pedestrian": "Pedestrian", "trailer": "Trailer", "truck": "Truck"}, "tracking_colors": {"bicycle": "C9", "bus": "C2", "car": "C0", "motorcycle": "C6", "pedestrian": "C5", "trailer": "C3", "truck": "C1"}, "class_range": {"car": 50, "truck": 50, "bus": 50, "trailer": 50, "pedestrian": 40, "motorcycle": 40, "bicycle": 40}, "dist_fcn": "center_distance", "dist_th_tp": 2.0, "min_recall": 0.1, "max_boxes_per_sample": 500, "metric_worst": {"amota": 0.0, "amotp": 2.0, "recall": 0.0, "motar": 0.0, "mota": 0.0, "motp": 2.0, "mt": 0.0, "ml": -1.0, "faf": 500, "gt": -1, "tp": 0.0, "fp": -1.0, "fn": -1.0, "ids": -1.0, "frag": -1.0, "tid": 20, "lgd": 20}, "num_thresholds": 40}, "amota": 0.34743614808482814, "amotp": 1.270822643170639, "recall": 0.44300430898974136, "motar": 0.698022498269402, "gt": 14556.714285714286, "mota": 0.31502148955850984, "motp": 0.35464191863420513, "mt": 2031.0, "ml": 3004.0, "faf": 35.612385409855406, "tp": 53421.0, "fp": 9673.0, "fn": 48362.0, "ids": 114.0, "frag": 312.0, "tid": 2.2378937890955295, "lgd": 2.4107873165831273}