{"label_metrics": {"amota": {"bicycle": 0.030748127678321118, "bus": 0.611282979538715, "car": 0.43564016557391694, "motorcycle": 0.35828514231197267, "pedestrian": 0.0, "trailer": 0.25845744053098285, "truck": 0.27856328077725634}, "amotp": {"bicycle": 1.9066031498769025, "bus": 0.9583424337088957, "car": 1.1756748752120425, "motorcycle": 1.1986479486122412, "pedestrian": 2.0, "trailer": 1.6159728908249167, "truck": 1.5054280447449544}, "recall": {"bicycle": 0.10185649774209735, "bus": 0.678030303030303, "car": 0.4929437385325034, "motorcycle": 0.47243297926150735, "pedestrian": 0.0, "trailer": 0.33979381443298967, "truck": 0.3544041450777202}, "motar": {"bicycle": 0.7339901477832512, "bus": 0.8069930069930069, "car": 0.9006474970410081, "motorcycle": 0.8081896551724135, "pedestrian": 0.0, "trailer": 0.8353658536585366, "truck": 0.8493270918665886}, "gt": {"bicycle": 1993.0, "bus": 2112.0, "car": 58317.0, "motorcycle": 1977.0, "pedestrian": 25423.0, "trailer": 2425.0, "truck": 9650.0}, "mota": {"bicycle": 0.07476166583040644, "bus": 0.5464015151515151, "car": 0.4436442203817069, "motorcycle": 0.37936267071320184, "pedestrian": 0.0, "trailer": 0.2824742268041237, "truck": 0.3008290155440414}, "motp": {"bicycle": 0.12724422019895335, "bus": 0.46687450109223816, "car": 0.2018416901908514, "motorcycle": 0.2758364821721171, "pedestrian": 2.0, "trailer": 0.730702934828916, "truck": 0.37665464883996974}, "mt": {"bicycle": 3.0, "bus": 54.0, "car": 854.0, "motorcycle": 25.0, "pedestrian": 0.0, "trailer": 20.0, "truck": 94.0}, "ml": {"bicycle": 132.0, "bus": 29.0, "car": 1910.0, "motorcycle": 60.0, "pedestrian": 1702.0, "trailer": 91.0, "truck": 341.0}, "faf": {"bicycle": 3.9473684210526314, "bus": 16.350710900473935, "car": 49.600278067431354, "motorcycle": 13.117170228445099, "pedestrian": 500.0, "trailer": 13.705583756345177, "truck": 14.121195503153277}, "tp": {"bicycle": 203.0, "bus": 1430.0, "car": 28726.0, "motorcycle": 928.0, "pedestrian": 0.0, "trailer": 820.0, "truck": 3418.0}, "fp": {"bicycle": 54.0, "bus": 276.0, "car": 2854.0, "motorcycle": 178.0, "pedestrian": NaN, "trailer": 135.0, "truck": 515.0}, "fn": {"bicycle": 1790.0, "bus": 680.0, "car": 29570.0, "motorcycle": 1043.0, "pedestrian": 25423.0, "trailer": 1601.0, "truck": 6230.0}, "ids": {"bicycle": 0.0, "bus": 2.0, "car": 21.0, "motorcycle": 6.0, "pedestrian": NaN, "trailer": 4.0, "truck": 2.0}, "frag": {"bicycle": 0.0, "bus": 23.0, "car": 71.0, "motorcycle": 10.0, "pedestrian": NaN, "trailer": 20.0, "truck": 22.0}, "tid": {"bicycle": 3.3958333333333335, "bus": 1.75, "car": 2.3733731019522777, "motorcycle": 2.77027027027027, "pedestrian": 20.0, "trailer": 2.6979166666666665, "truck": 3.0625}, "lgd": {"bicycle": 3.4791666666666665, "bus": 1.8875, "car": 2.4530911062906724, "motorcycle": 2.824324324324324, "pedestrian": 20.0, "trailer": 2.9791666666666665, "truck": 3.105769230769231}}, "eval_time": 826.0369243621826, "cfg": {"tracking_names": ["bicycle", "bus", "car", "motorcycle", "pedestrian", "trailer", "truck"], "pretty_tracking_names": {"bicycle": "Bicycle", "bus": "Bus", "car": "Car", "motorcycle": "Motorcycle", "pedestrian": "Pedestrian", "trailer": "Trailer", "truck": "Truck"}, "tracking_colors": {"bicycle": "C9", "bus": "C2", "car": "C0", "motorcycle": "C6", "pedestrian": "C5", "trailer": "C3", "truck": "C1"}, "class_range": {"car": 50, "truck": 50, "bus": 50, "trailer": 50, "pedestrian": 40, "motorcycle": 40, "bicycle": 40}, "dist_fcn": "center_distance", "dist_th_tp": 2.0, "min_recall": 0.1, "max_boxes_per_sample": 500, "metric_worst": {"amota": 0.0, "amotp": 2.0, "recall": 0.0, "motar": 0.0, "mota": 0.0, "motp": 2.0, "mt": 0.0, "ml": -1.0, "faf": 500, "gt": -1, "tp": 0.0, "fp": -1.0, "fn": -1.0, "ids": -1.0, "frag": -1.0, "tid": 20, "lgd": 20}, "num_thresholds": 40}, "amota": 0.2818538766301664, "amotp": 1.4800956204257076, "recall": 0.34849449686816014, "motar": 0.7049304646449721, "gt": 14556.714285714286, "mota": 0.28963904491785647, "motp": 0.5970220681890065, "mt": 1050.0, "ml": 4265.0, "faf": 87.26318669670022, "tp": 35525.0, "fp": 4012.0, "fn": 66337.0, "ids": 35.0, "frag": 146.0, "tid": 5.1499847674603645, "lgd": 5.247002570673937}