{"label_metrics": {"amota": {"bicycle": 0.02623782491097204, "bus": 0.5678482911407944, "car": 0.7080652870708142, "motorcycle": 0.14587303503337096, "pedestrian": 0.5437609747961906, "trailer": 0.2350695403218944, "truck": 0.355597388499176}, "amotp": {"bicycle": 1.3066515542514865, "bus": 0.9310987946444259, "car": 0.6036793111697607, "motorcycle": 1.025648923813126, "pedestrian": 0.9073500939775656, "trailer": 1.3806286792668772, "truck": 1.1603568483635094}, "recall": {"bicycle": 0.15203211239337683, "bus": 0.6666666666666666, "car": 0.7507930792050346, "motorcycle": 0.32524026302478504, "pedestrian": 0.616213664791724, "trailer": 0.35876288659793815, "truck": 0.4054922279792746}, "motar": {"bicycle": 0.2739273927392739, "bus": 0.6616915422885573, "car": 0.7811469402711616, "motorcycle": 0.4379905808477237, "pedestrian": 0.8153954893015485, "trailer": 0.5590277777777778, "truck": 0.6549079754601225}, "gt": {"bicycle": 1993.0, "bus": 2112.0, "car": 58317.0, "motorcycle": 1977.0, "pedestrian": 25423.0, "trailer": 2425.0, "truck": 9650.0}, "mota": {"bicycle": 0.041645760160561984, "bus": 0.4408143939393939, "car": 0.5848723356825625, "motorcycle": 0.14112291350531103, "pedestrian": 0.49915430909019387, "trailer": 0.19917525773195877, "truck": 0.26549222797927463}, "motp": {"bicycle": 0.14357863800765264, "bus": 0.492114251767374, "car": 0.2516476379306571, "motorcycle": 0.21582277601533922, "pedestrian": 0.22530328896820215, "trailer": 0.756490695134724, "truck": 0.41789110109217603}, "mt": {"bicycle": 14.0, "bus": 56.0, "car": 2164.0, "motorcycle": 30.0, "pedestrian": 626.0, "trailer": 30.0, "truck": 167.0}, "ml": {"bicycle": 126.0, "bus": 35.0, "car": 956.0, "motorcycle": 83.0, "pedestrian": 592.0, "trailer": 88.0, "truck": 336.0}, "faf": {"bicycle": 14.666666666666666, "bus": 26.72655811341943, "car": 164.75862068965517, "motorcycle": 23.46002621231979, "pedestrian": 65.08835523334844, "trailer": 33.627537511032656, "truck": 34.77588871715611}, "tp": {"bicycle": 303.0, "bus": 1407.0, "car": 43664.0, "motorcycle": 637.0, "pedestrian": 15563.0, "trailer": 864.0, "truck": 3912.0}, "fp": {"bicycle": 220.0, "bus": 476.0, "car": 9556.0, "motorcycle": 358.0, "pedestrian": 2873.0, "trailer": 381.0, "truck": 1350.0}, "fn": {"bicycle": 1690.0, "bus": 704.0, "car": 14533.0, "motorcycle": 1334.0, "pedestrian": 9757.0, "trailer": 1555.0, "truck": 5737.0}, "ids": {"bicycle": 0.0, "bus": 1.0, "car": 120.0, "motorcycle": 6.0, "pedestrian": 103.0, "trailer": 6.0, "truck": 1.0}, "frag": {"bicycle": 1.0, "bus": 27.0, "car": 240.0, "motorcycle": 1.0, "pedestrian": 103.0, "trailer": 35.0, "truck": 39.0}, "tid": {"bicycle": 2.15, "bus": 0.8445945945945946, "car": 0.8710374639769453, "motorcycle": 2.0980392156862746, "pedestrian": 1.8894148020654045, "trailer": 1.1382978723404256, "truck": 1.0328638497652582}, "lgd": {"bicycle": 2.216666666666667, "bus": 1.2702702702702702, "car": 0.9690201729106628, "motorcycle": 2.196078431372549, "pedestrian": 2.0034423407917386, "trailer": 1.5851063829787233, "truck": 1.3098591549295775}}, "eval_time": 2096.0380651950836, "cfg": {"tracking_names": ["bicycle", "bus", "car", "motorcycle", "pedestrian", "trailer", "truck"], "pretty_tracking_names": {"bicycle": "Bicycle", "bus": "Bus", "car": "Car", "motorcycle": "Motorcycle", "pedestrian": "Pedestrian", "trailer": "Trailer", "truck": "Truck"}, "tracking_colors": {"bicycle": "C9", "bus": "C2", "car": "C0", "motorcycle": "C6", "pedestrian": "C5", "trailer": "C3", "truck": "C1"}, "class_range": {"car": 50, "truck": 50, "bus": 50, "trailer": 50, "pedestrian": 40, "motorcycle": 40, "bicycle": 40}, "dist_fcn": "center_distance", "dist_th_tp": 2.0, "min_recall": 0.1, "max_boxes_per_sample": 500, "metric_worst": {"amota": 0.0, "amotp": 2.0, "recall": 0.0, "motar": 0.0, "mota": 0.0, "motp": 2.0, "mt": 0.0, "ml": -1.0, "faf": 500, "gt": -1, "tp": 0.0, "fp": -1.0, "fn": -1.0, "ids": -1.0, "frag": -1.0, "tid": 20, "lgd": 20}, "num_thresholds": 40}, "amota": 0.36892176311045893, "amotp": 1.045059172212393, "recall": 0.4678858429512571, "motar": 0.5977268140980235, "gt": 14556.714285714286, "mota": 0.310325314012751, "motp": 0.35754976984516074, "mt": 3087.0, "ml": 2216.0, "faf": 51.871950449085475, "tp": 66350.0, "fp": 15214.0, "fn": 35310.0, "ids": 237.0, "frag": 446.0, "tid": 1.4320353997755575, "lgd": 1.6500633457028842}